{
    "parms": [{
            "id": "clock-type",
            "name": "Clock Type:",
            "type": "text",
            "default": "Extended",
            "PossibleOptions": [
                { "text": "Extended" },
                { "text": "Square" },
                { "text": "Clocks" },
                { "text": "Digital" },
                { "text": "Squares" }
            ]
        },
        {
            "id": "date",
            "name": "CountdownDate",
            "type": "text",
            "default": "November 2, 11:20"
        },
        {
            "id": "hours",
            "name": "Hours:",
            "type": "radio",
            "default": "true"
        },
        {
            "id": "days",
            "name": "Days:",
            "type": "radio",
            "default": "true"
        },
        {
            "id": "minutes",
            "name": "Minutes:",
            "type": "radio",
            "default": "true"
        },
        {
            "id": "seconds",
            "name": "Seconds:",
            "type": "radio",
            "default": "true"
        },
        {
            "id": "units",
            "name": "Units:",
            "type": "radio",
            "default": "true"
        },
        {
            "id": "bg-color",
            "name": "Background Color:",
            "type": "color-picker",
            "default": "#fc8f10"
        },
        {
            "id": "font-color",
            "name": "Font Color:",
            "type": "color-picker",
            "default": "#000000"
        },
        {
            "id": "font-underline",
            "name": "Style:",
            "type": "text-underline",
            "default": false,
            "PossibleOptions": [
                { "text": "Normal" },
                { "text": "Bold" },
                { "text": "Italics" }
            ]
        }
    ],
    "initialWidth": "2000",
    "initialHeight" : "10000"
}